Date,Name,Year,Letterboxd URI
2023-10-13,Pulp Fiction,1994,https://boxd.it/29Pq
2023-10-13,Midsommar,2019,https://boxd.it/jhxe
2023-10-13,The Grand Budapest Hotel,2014,https://boxd.it/3ZqO
2023-10-13,Oppenheimer,2023,https://boxd.it/wUow
2023-10-13,The Truman Show,1998,https://boxd.it/18U8
2023-10-13,American Psycho,2000,https://boxd.it/28Vs
2023-10-13,Once Upon a Time... in Hollywood,2019,https://boxd.it/gH0O
2023-10-13,Her,2013,https://boxd.it/4O24
2023-10-13,Drive,2011,https://boxd.it/IG
2023-10-13,GoodFellas,1990,https://boxd.it/29FA
2023-10-13,Little Miss Sunshine,2006,https://boxd.it/29EW
2023-10-13,Nightcrawler,2014,https://boxd.it/780m
2023-10-13,(500) Days of Summer,2009,https://boxd.it/1EmM
2023-10-13,Aftersun,2022,https://boxd.it/Arw0
2023-12-03,Rockstar,2011,https://boxd.it/2Lvo
2023-12-03,Delhi Belly,2011,https://boxd.it/2gEk
2023-12-03,Omkara,2006,https://boxd.it/1Ny8
2023-12-04,Borderlands,2021,https://boxd.it/qpsq
2023-12-04,The Pleasure of Love in Iran,1976,https://boxd.it/4zPA
2023-12-04,The Worst Person in the World,2021,https://boxd.it/oyws
2023-12-08,In the Mood for Love,2000,https://boxd.it/29tE
2023-12-16,Pyaasa,1957,https://boxd.it/10iq
2023-12-16,Irreversible,2002,https://boxd.it/29as
2023-12-16,The Terminal,2004,https://boxd.it/2a2O
2023-12-16,Inception,2010,https://boxd.it/1skk
2023-12-27,Kho Gaye Hum Kahan,2023,https://boxd.it/x1qa
2023-12-27,Love at First Sight,2023,https://boxd.it/bUmS
2024-01-01,12th Fail,2023,https://boxd.it/I1sM
2024-01-07,Priscilla,2023,https://boxd.it/Cz3k
2024-03-06,The Circle,2000,https://boxd.it/1PbA
2024-03-06,28 Days,2000,https://boxd.it/1WbM
2024-04-22,Four Adventures of Reinette and Mirabelle,1987,https://boxd.it/18QA
2024-05-05,L'Eclisse,1962,https://boxd.it/1CoG
2024-05-05,Cold War,2018,https://boxd.it/fEoc
2024-05-10,Pearl,2022,https://boxd.it/zPbe
2024-05-11,While We Watched,2022,https://boxd.it/Cp0A
2024-05-11,Glass Onion,2022,https://boxd.it/oCkK
2024-05-28,Challengers,2024,https://boxd.it/zld0
2024-05-28,Winona,2019,https://boxd.it/nMVa
2024-05-28,Autofiction,2020,https://boxd.it/nRBu
2024-05-28,When I Write It,2020,https://boxd.it/qwV0
2024-05-28,Striding Into the Wind,2020,https://boxd.it/qEyI
2024-05-28,Self Portrait,2020,https://boxd.it/mL2Q
2024-05-28,Pretend That You Love Me,2020,https://boxd.it/qJ9S
2024-05-28,My Friend Who Shines in the Night,2020,https://boxd.it/summ
2024-05-28,2020: A Very Particular Year,2020,https://boxd.it/t5Rm
2024-05-28,The Queen of the Lizards,2019,https://boxd.it/o7BU
2024-05-28,Felicità,2020,https://boxd.it/oPGY
2024-05-28,To the Ends of the Earth,2019,https://boxd.it/jEUA
2024-05-28,Ghosts of Sugar Land,2019,https://boxd.it/lz52
2024-05-28,Rebooted,2019,https://boxd.it/nhco
2024-05-28,MS Slavic 7,2019,https://boxd.it/lcIU
2024-05-28,Anna,2019,https://boxd.it/lYvY
2024-05-28,A Great Lamp,2019,https://boxd.it/kJwU
2024-05-28,Blue Hour,2019,https://boxd.it/lBtU
2024-05-28,3 Faces,2018,https://boxd.it/iLoE
2024-05-28,Birds Without Feathers,2018,https://boxd.it/i2d2
2024-05-28,The Fool,2014,https://boxd.it/8QXu
2024-05-28,Stranger,2018,https://boxd.it/hKKi
2024-05-28,Zen in the Ice Rift,2018,https://boxd.it/jEvg
2024-05-28,This Action Lies,2018,https://boxd.it/kyvc
2024-05-28,Room Tone,2018,https://boxd.it/ltDi
2024-05-28,Sair do Armário,2018,https://boxd.it/jToO
2024-05-28,A Swedish Elephant,2018,https://boxd.it/jsvy
2024-05-28,AeroPress Movie,2018,https://boxd.it/lM4m
2024-05-28,All the Women I Know,2018,https://boxd.it/lQLE
2024-05-28,Cameraperson,2016,https://boxd.it/d5ve
2024-05-28,A Lax Riddle Unit,2011,https://boxd.it/fDF2
2024-05-28,The Metamorphosis of Birds,2020,https://boxd.it/oJsw
2024-05-28,L’homme atlantique,1981,https://boxd.it/ci0Q
2024-05-28,Scenes from My Life,2020,https://boxd.it/oGVK
2024-05-28,There Are Not Thirty-Six Ways of Showing a Man Getting on a Horse,2020,https://boxd.it/rROm
2024-05-28,God Save the Queen,2020,https://boxd.it/sSVq
2024-05-28,Cold Case Hammarskjöld,2019,https://boxd.it/kKsa
2024-05-28,Boomerang,2018,https://boxd.it/jaZK
2024-05-28,Charm City,2018,https://boxd.it/ixCC
2024-05-28,The Retreat,2018,https://boxd.it/ioaa
2024-05-28,Bodega,2018,https://boxd.it/llDk
2024-05-28,Eleanor & Park,,https://boxd.it/r3sK
2024-05-28,Die Tomorrow,2017,https://boxd.it/hAJu
2024-05-28,Bed Bugs,2017,https://boxd.it/gC6M
2024-05-28,Pendular,2017,https://boxd.it/fu9G
2024-05-28,Cat City,2017,https://boxd.it/gOdK
2024-05-28,Those Who Are Fine,2017,https://boxd.it/gJV8
2024-05-28,11 Minutes,2015,https://boxd.it/a84O
2024-05-28,The Substitute,2015,https://boxd.it/baee
2024-05-28,36,2012,https://boxd.it/4rrU
2024-05-28,Point and Line to Plane,2020,https://boxd.it/rlOY
2024-05-28,Art of Style: Jean Cocteau,2018,https://boxd.it/kN12
2024-05-28,The Power of Nightmares,2004,https://boxd.it/EZs
2024-05-28,Love Streams,1984,https://boxd.it/zOk
2024-05-28,Water and Power,1989,https://boxd.it/3UfG
2024-05-28,Invasion,1969,https://boxd.it/56aU
2024-05-28,Björk: Cambridge 1998,1998,https://boxd.it/exC
2024-07-26,Blue Valentine,2010,https://boxd.it/MxG
2024-07-26,A Summer's Tale,1996,https://boxd.it/183e
2024-07-26,Portrait of a Lady on Fire,2019,https://boxd.it/jkPq
2024-07-26,My Summer of Love,2004,https://boxd.it/1XZI
2024-07-26,Before Midnight,2013,https://boxd.it/4ive
2024-07-26,Fantastic Planet,1973,https://boxd.it/1KnQ
2024-07-26,Sidewalls,2011,https://boxd.it/2EiM
2024-07-26,The Bling Ring,2013,https://boxd.it/3lPY
2024-07-26,Lisa and the Devil,1973,https://boxd.it/232M
2024-07-26,Peppermint Soda,1977,https://boxd.it/2NiG
2024-07-27,The Philadelphia Story,1940,https://boxd.it/29a8
2024-07-27,Marked Woman,1937,https://boxd.it/1vz8
2024-07-27,Bullet Ballet,1998,https://boxd.it/1uMg
2024-07-27,Girlfriends,1978,https://boxd.it/3JYU
2024-07-27,Singin' in the Rain,1952,https://boxd.it/29oY
2024-07-27,Band of Outsiders,1964,https://boxd.it/20Aw
2024-07-27,We're All Going to the World's Fair,2021,https://boxd.it/tbmY
2024-07-27,Foreign Land,1995,https://boxd.it/lOg
2024-07-31,Shopgirl,2005,https://boxd.it/26zu
2024-09-09,Polite Society,2023,https://boxd.it/AU9u
2024-09-20,The Fall Guy,2024,https://boxd.it/s0Bm
2024-09-20,His Girl Friday,1940,https://boxd.it/25M8
2024-09-20,My Man Godfrey,1936,https://boxd.it/1PTC
2024-09-20,Rear Window,1954,https://boxd.it/2a6Q
2024-09-20,a little film about love,2022,https://boxd.it/zzh6
2024-09-26,All We Imagine as Light,2024,https://boxd.it/yXaQ
2024-09-27,Close-Up,1990,https://boxd.it/1m9q
2024-09-27,National Theatre Live: Vanya,2024,https://boxd.it/J8iQ
2024-10-17,The Substance,2024,https://boxd.it/zanS
2024-10-24,The Best of Youth,2003,https://boxd.it/1Tje
2024-10-26,You Are My Sunday,2017,https://boxd.it/eAPG
2024-11-12,All the Bright Places,2020,https://boxd.it/bpfQ
2024-11-20,Mustang,2015,https://boxd.it/baaw
2024-11-22,Finding Fanny,2014,https://boxd.it/8KsA
2024-11-23,A Woman Under the Influence,1974,https://boxd.it/1myg
2024-11-28,Where Is the Friend's House?,1987,https://boxd.it/ELg
2024-11-28,Khosla Ka Ghosla!,2006,https://boxd.it/1Mie
2024-11-29,The Daytrippers,1996,https://boxd.it/F9i
2024-11-30,Five Easy Pieces,1970,https://boxd.it/1tww
2024-12-27,Natural Born Killers,1994,https://boxd.it/2aNg
2025-03-11,8 A.M. Metro,2023,https://boxd.it/GpSK
2025-03-11,Mickey 17,2025,https://boxd.it/q1Dk
2025-03-11,Flow,2024,https://boxd.it/v1Ei
2025-03-23,Anora,2024,https://boxd.it/Egcw
2025-03-30,The 400 Blows,1959,https://boxd.it/2b1C
2025-03-30,Girls Will Be Girls,2024,https://boxd.it/FVUw
2025-05-16,The Wedding Guest,2018,https://boxd.it/i5e8
2025-06-01,Y Tu Mamá También,2001,https://boxd.it/28QM
2025-06-02,The Stunt Double,2020,https://boxd.it/roa8
2025-06-02,The Skin I Live In,2011,https://boxd.it/99A
2025-06-02,Beau Is Afraid,2023,https://boxd.it/u2gE
2025-06-02,I'm Still Here,2024,https://boxd.it/BPEO
2025-06-02,Armand,2024,https://boxd.it/HhtO
2025-06-02,Hit Man,2023,https://boxd.it/ANB2
2025-06-02,Four Daughters,2023,https://boxd.it/ErTw
2025-06-02,Maestro,2023,https://boxd.it/j0DE
2025-06-02,The Killer,2023,https://boxd.it/u6WE
2025-06-02,Reality,2023,https://boxd.it/BeLI
2025-06-02,Mulholland Drive,2001,https://boxd.it/297o
2025-06-02,Alien,1979,https://boxd.it/2awY
2025-06-02,Babygirl,2024,https://boxd.it/Fvai
2025-06-02,Kneecap,2024,https://boxd.it/ILxI
2025-06-02,Fallen Leaves,2023,https://boxd.it/Bgew
2025-06-02,Fair Play,2023,https://boxd.it/yirc
2025-06-02,The Eternal Memory,2023,https://boxd.it/D4g0
2025-06-02,Causeway,2022,https://boxd.it/lWQq
2025-06-02,Emily the Criminal,2022,https://boxd.it/wBOq
2025-06-02,Borat Subsequent Moviefilm,2020,https://boxd.it/rNS0
2025-06-02,The Gentlemen,2019,https://boxd.it/iYBQ
2025-06-02,Roma,2018,https://boxd.it/f69M
2025-06-02,The Outrun,2024,https://boxd.it/txPo
2025-06-02,The Favourite,2018,https://boxd.it/d2hI
2025-06-02,Babel,2006,https://boxd.it/292o
2025-06-02,In Paris,2006,https://boxd.it/1NDW
2025-06-02,Marshland,2014,https://boxd.it/6Yjo
2025-06-02,Melancholia,2011,https://boxd.it/bPI
2025-06-04,"Salò, or the 120 Days of Sodom",1975,https://boxd.it/237s
2025-06-04,Sister Midnight,2024,https://boxd.it/MBDY
2025-06-06,Breathless,1983,https://boxd.it/295W
2025-06-07,Body Double,1984,https://boxd.it/1TGW
2025-06-07,Song to Song,2017,https://boxd.it/aR5C
2025-06-07,Passport to Pimlico,1949,https://boxd.it/1lYM
2025-06-07,The Name of a River,2002,https://boxd.it/4I2M
2025-06-08,Pleasure,2021,https://boxd.it/lPcy
2025-06-08,The Scent of Green Papaya,1993,https://boxd.it/1EWq
2025-06-08,Perfect Sense,2011,https://boxd.it/A3O
2025-06-10,Pierrot le Fou,1965,https://boxd.it/26j2
2025-06-10,The Brothers Karamazov,1958,https://boxd.it/Vci
2025-06-10,Wild Tales,2014,https://boxd.it/7UmK
2025-06-11,Breathless,1960,https://boxd.it/2aIK
2025-06-11,A Burning Hot Summer,2011,https://boxd.it/2NYM
2025-06-11,Maggie's Plan,2015,https://boxd.it/a3v6
2025-06-11,Love at Sea,1965,https://boxd.it/9ji6
2025-06-11,Timecrimes,2007,https://boxd.it/1OGM
2025-06-11,The Hot Spot,1990,https://boxd.it/1Ne8
2025-06-11,Amores Perros,2000,https://boxd.it/2bfu
2025-06-11,The Umbrellas of Cherbourg,1964,https://boxd.it/22fK
2025-06-11,Strangers on a Train,1951,https://boxd.it/29tk
2025-06-12,"Black Coal, Thin Ice",2014,https://boxd.it/7xaw
2025-06-14,The Body,2012,https://boxd.it/3Jsa
2025-06-14,Into the Wild,2007,https://boxd.it/22m2
2025-06-15,Materialists,2025,https://boxd.it/GZlW
2025-06-16,The Panic in Needle Park,1971,https://boxd.it/1rwu
2025-06-16,Basic Instinct,1992,https://boxd.it/2asM
2025-06-17,Opening Night,1977,https://boxd.it/1f4e
2025-06-17,Mikey and Nicky,1976,https://boxd.it/iL4
2025-06-17,Down with Love,2003,https://boxd.it/1VyA
2025-06-17,I Don't Want to Sleep Alone,2006,https://boxd.it/1St8
2025-06-17,La Chimera,2023,https://boxd.it/vzVi
2025-06-18,Twin Peaks: Fire Walk with Me,1992,https://boxd.it/27Qw
2025-06-18,A Ghost Story,2017,https://boxd.it/fb0K
2025-06-18,Wild at Heart,1990,https://boxd.it/2aii
2025-06-18,True Romance,1993,https://boxd.it/2aBa
2025-06-18,Stealing Beauty,1996,https://boxd.it/1NRu
2025-06-19,8½,1963,https://boxd.it/2aqm
2025-06-19,The Code,2024,https://boxd.it/GTB0
2025-06-20,Guy and Madeline on a Park Bench,2009,https://boxd.it/N1G
2025-06-20,Birth,2004,https://boxd.it/1VvQ
2025-06-21,The Dreamers,2003,https://boxd.it/28X4
2025-06-21,Death in Venice,1971,https://boxd.it/21tm
2025-06-22,Love & Basketball,2000,https://boxd.it/1Nu6
2025-06-22,Manorama Six Feet Under,2007,https://boxd.it/Ngc
2025-06-24,Once,2007,https://boxd.it/22GG
2025-06-24,Le Trou,1960,https://boxd.it/1nSw
2025-06-24,Ferris Bueller's Day Off,1986,https://boxd.it/1YPY
2025-06-25,Primer,2004,https://boxd.it/6YA
2025-06-25,10 Things I Hate About You,1999,https://boxd.it/23AO
2025-06-27,Triste,1996,https://boxd.it/cIHG
2025-06-28,F1,2025,https://boxd.it/yjVM
2025-06-29,28 Days Later,2002,https://boxd.it/2aXU
2025-06-30,The Devil Wears Prada,2006,https://boxd.it/2awE
2025-07-01,"Oh, Hi!",2025,https://boxd.it/PLns
2025-07-01,"The Cook, the Thief, His Wife & Her Lover",1989,https://boxd.it/20VO
2025-07-02,Notting Hill,1999,https://boxd.it/2aeK
2025-07-04,Companion,2025,https://boxd.it/F04o
2025-07-04,Trouble Every Day,2001,https://boxd.it/115M
2025-07-04,The Beach,2000,https://boxd.it/27T6
2025-07-05,Drive My Car,2021,https://boxd.it/sv94
2025-07-05,Nosferatu,2024,https://boxd.it/f5eG
2025-07-06,Dead Man,1995,https://boxd.it/29h4
2025-07-06,Speaking Parts,1989,https://boxd.it/31G8
2025-07-06,Metro... In Dino,2025,https://boxd.it/Ej2k
2025-07-06,Enter the Void,2009,https://boxd.it/1dy2
2025-07-07,Twin Peaks,1989,https://boxd.it/g8pk
2025-07-07,Rain Man,1988,https://boxd.it/2avw
2025-07-08,"Crazy, Stupid, Love.",2011,https://boxd.it/D9A
2025-07-08,Detachment,2011,https://boxd.it/2BiY
2025-07-08,The Beautiful Person,2008,https://boxd.it/152W
2025-07-09,Gazer,2024,https://boxd.it/K7Ga
2025-07-09,Fresh,2022,https://boxd.it/tCNi
2025-07-11,Superman,2025,https://boxd.it/E9IU
2025-07-12,Shithouse,2020,https://boxd.it/nCFc
2025-07-12,Loulou,1980,https://boxd.it/13Jk
2025-07-13,The Love Witch,2016,https://boxd.it/cZie
2025-07-13,Nocturnal Animals,2016,https://boxd.it/bkFu
2025-07-16,Happiness,1998,https://boxd.it/1VEe
2025-07-17,Fat Girl,2001,https://boxd.it/2a6w
2025-07-18,Women in Love,1969,https://boxd.it/286
2025-07-20,Incendies,2010,https://boxd.it/Msm
2025-07-21,The Party,1980,https://boxd.it/2aYy
2025-07-21,Red Eye,2005,https://boxd.it/1TNy
2025-07-26,After Hours,1985,https://boxd.it/1VfS
2025-08-01,Funny Games,1997,https://boxd.it/1WKM
2025-08-04,La La Land,2016,https://boxd.it/a5fa
2025-08-05,The Holdovers,2023,https://boxd.it/vHza
2025-08-07,Breakfast at Tiffany's,1961,https://boxd.it/2aYS
2025-08-07,Almost Famous,2000,https://boxd.it/29CQ
2025-08-09,Serpico,1973,https://boxd.it/1ZjE
2025-08-09,Russian Dolls,2005,https://boxd.it/284S
2025-08-10,Salt of This Sea,2008,https://boxd.it/1ZyE
2025-08-12,Lost in Translation,2003,https://boxd.it/2b0E
2025-08-12,Frida,2002,https://boxd.it/28Vi
2025-08-12,The Secret in Their Eyes,2009,https://boxd.it/1vWw
2025-08-12,Scarface,1983,https://boxd.it/2b7g
2025-08-13,Sex Is Comedy,2002,https://boxd.it/x1g
2025-08-14,Million Dollar Baby,2004,https://boxd.it/2bdI
2025-08-15,Igby Goes Down,2002,https://boxd.it/1Y3A
2025-08-15,Don't Cry for Salim the Lame,1989,https://boxd.it/4cJO
2025-08-16,About Time,2013,https://boxd.it/43bI
2025-08-17,Possession,1981,https://boxd.it/1BPm
2025-08-18,eXistenZ,1999,https://boxd.it/27Ni
2025-08-19,Star Wars,1977,https://boxd.it/72s
2025-08-21,The Constant Gardener,2005,https://boxd.it/27HE
2025-08-22,Monster,2023,https://boxd.it/DJEM
2025-08-22,Son of Saul,2015,https://boxd.it/b6r4
2025-08-23,All That Jazz,1979,https://boxd.it/1JB8
2025-08-26,The Report,2019,https://boxd.it/j2X2
2025-08-27,The Machinist,2004,https://boxd.it/248c
2025-08-27,Sicario,2015,https://boxd.it/8i7u
2025-08-28,Green Room,2015,https://boxd.it/a75m
2025-08-29,Relay,2024,https://boxd.it/Faee
2025-08-30,Clue,1985,https://boxd.it/1MDQ
2025-08-31,Eden Lake,2008,https://boxd.it/1Q1m
2025-08-31,Swept Away,1974,https://boxd.it/17cY
2025-09-01,Body Heat,1981,https://boxd.it/1O9S
2025-09-02,Ready or Not,2019,https://boxd.it/kOf0
2025-09-03,Fat City,1972,https://boxd.it/1JnU
2025-09-04,Beau Travail,1999,https://boxd.it/1NI8
2025-09-05,The Gift,2015,https://boxd.it/aJMy
2025-09-06,Rumble Fish,1983,https://boxd.it/2aOI
2025-09-06,The Player,1992,https://boxd.it/1WlM
2025-09-08,Dick,1999,https://boxd.it/1KaC
2025-09-10,Game Night,2018,https://boxd.it/fRtu
2025-09-11,Two Hands,1999,https://boxd.it/1QcO
2025-09-12,Back to the Future,1985,https://boxd.it/2b8e
2025-09-13,Back to the Future Part II,1989,https://boxd.it/2aYI
2025-09-14,Weapons,2025,https://boxd.it/EMTM
2025-09-15,Gettin' Square,2003,https://boxd.it/1zvO
2025-09-17,Measures for a Funeral,2024,https://boxd.it/O8qA
2025-09-17,Gosford Park,2001,https://boxd.it/239e
2025-09-18,Cruel Intentions,1999,https://boxd.it/29Be
2025-09-19,Juror #2,2024,https://boxd.it/FRwU
2025-09-21,The Cotton Club,1984,https://boxd.it/27kK
2025-09-23,Babylon,2022,https://boxd.it/mM02
2025-09-24,Night on Earth,1991,https://boxd.it/2ayq
2025-09-28,One Battle After Another,2025,https://boxd.it/DUHM
2025-09-30,Bitter Moon,1992,https://boxd.it/1W76
2025-09-30,Blue Velvet,1986,https://boxd.it/29BI
2025-09-30,Lost Highway,1997,https://boxd.it/29Wc
2025-09-30,Punch-Drunk Love,2002,https://boxd.it/20E4
2025-09-30,The Invisible Guest,2016,https://boxd.it/euce
2025-10-03,A Clockwork Orange,1971,https://boxd.it/2aVE
2025-10-03,Capote,2005,https://boxd.it/2atq
2025-10-03,Forgetting Sarah Marshall,2008,https://boxd.it/1XEq
2025-10-05,In Her Shoes,2005,https://boxd.it/1SK4
2025-10-06,35 Shots of Rum,2008,https://boxd.it/1unA
2025-10-07,The Big Lebowski,1998,https://boxd.it/2b6C
2025-10-09,Blinded by the Light,2019,https://boxd.it/jrYO
2025-10-09,Phantom Thread,2017,https://boxd.it/e4uc
2025-10-09,Bad Girl,2025,https://boxd.it/RZBi
2025-10-17,Eyes Wide Shut,1999,https://boxd.it/2axs
2025-10-17,Rosemary's Baby,1968,https://boxd.it/29zM
2025-10-18,Election,1999,https://boxd.it/1YEc
2025-10-19,Chef,2014,https://boxd.it/6lCG
2025-10-20,Full Metal Jacket,1987,https://boxd.it/2a1Q
2025-10-21,Kisapmata,1981,https://boxd.it/6sRo
2025-10-23,The Ghost Writer,2010,https://boxd.it/1TQW
2025-10-24,Blink Twice,2024,https://boxd.it/vIOg
2025-10-25,Crash,1996,https://boxd.it/29n2
2025-10-25,Lakshya,2004,https://boxd.it/1Ckk
2025-10-25,Dil Chahta Hai,2001,https://boxd.it/1Nsk
2025-10-25,Don,2006,https://boxd.it/1IAI
2025-10-25,Don 2,2011,https://boxd.it/10am
2025-10-25,Positive,2007,https://boxd.it/bVK2
2025-10-25,Zindagi Na Milegi Dobara,2011,https://boxd.it/efo
2025-10-25,Dil Dhadakne Do,2015,https://boxd.it/bdZC
2025-10-25,The Sky Is Pink,2019,https://boxd.it/mFDw
2025-10-25,Luck by Chance,2009,https://boxd.it/1Kja
2025-10-25,Rock On!!,2008,https://boxd.it/1EHK
2025-10-25,Barfi!,2012,https://boxd.it/4aL4
2025-10-25,Swades,2004,https://boxd.it/1Ly6
2025-10-25,Bombay Talkies,2013,https://boxd.it/5LL8
2025-10-25,Superboys of Malegaon,2024,https://boxd.it/KyOU
2025-10-25,Gully Boy,2019,https://boxd.it/hHXo
2025-10-25,Kama Sutra: A Tale of Love,1996,https://boxd.it/1qt0
2025-10-25,The Namesake,2006,https://boxd.it/1JJG
2025-10-25,Salaam Bombay!,1988,https://boxd.it/Qhi
2025-10-25,Monsoon Wedding,2001,https://boxd.it/2aiM
2025-10-25,Jagga Jasoos,2017,https://boxd.it/e5TC
2025-10-25,Kites,2010,https://boxd.it/17Dq
2025-10-25,Gangster,2006,https://boxd.it/15Yw
2025-10-25,Chain Kulii Ki Main Kulii,2007,https://boxd.it/gzLW
2025-10-25,Chillar Party,2011,https://boxd.it/2uQa
2025-10-25,Bhoothnath,2008,https://boxd.it/1L6c
2025-10-25,Bajrangi Bhaijaan,2015,https://boxd.it/bIbo
2025-10-25,Sultan,2016,https://boxd.it/d65G
2025-10-25,Partner,2007,https://boxd.it/1s6W
2025-10-25,Dear Zindagi,2016,https://boxd.it/eAiM
2025-10-25,Anjaana Anjaani,2010,https://boxd.it/RDO
2025-10-25,Aisha,2010,https://boxd.it/SqQ
2025-10-25,Jaane Tu... Ya Jaane Na,2008,https://boxd.it/1O2i
2025-10-25,Hasee Toh Phasee,2014,https://boxd.it/7n3g
2025-10-25,Band Baaja Baaraat,2010,https://boxd.it/yl2
2025-10-25,Jab We Met,2007,https://boxd.it/1T2W
2025-10-25,No Strings Attached,2011,https://boxd.it/YUs
2025-10-25,Vicky Donor,2012,https://boxd.it/3vYm
2025-10-25,Ok Jaanu,2017,https://boxd.it/eBak
2025-10-25,Ajab Prem Ki Ghazab Kahani,2009,https://boxd.it/1wUm
2025-10-25,Love Aaj Kal,2009,https://boxd.it/1EJc
2025-10-25,Jab Harry Met Sejal,2017,https://boxd.it/fInW
2025-10-25,I Hate Luv Storys,2010,https://boxd.it/10XI
2025-10-25,Bareilly Ki Barfi,2017,https://boxd.it/gJbY
2025-10-25,Cocktail,2012,https://boxd.it/3Vme
2025-10-25,Ek Main Aur Ekk Tu,2012,https://boxd.it/2YQE
2025-10-25,The Shining,1980,https://boxd.it/29Nu
2025-10-25,Dreams That Money Can Buy,1947,https://boxd.it/1hfy
2025-10-25,Killer's Kiss,1955,https://boxd.it/1Xcc
2025-10-25,Boogie Nights,1997,https://boxd.it/23um
2025-10-25,Licorice Pizza,2021,https://boxd.it/qTKY
2025-10-25,Magnolia,1999,https://boxd.it/2aze
2025-10-25,The Master,2012,https://boxd.it/2cBG
2025-10-25,The Dirk Diggler Story,1988,https://boxd.it/3Die
2025-10-25,All India Bakchod Knockout,2015,https://boxd.it/IUi8
2025-10-25,Bombay Velvet,2015,https://boxd.it/adWG
2025-10-25,Go Goa Gone,2013,https://boxd.it/5MJs
2025-10-25,Om Shanti Om,2007,https://boxd.it/20zy
2025-10-25,Happy Ending,2014,https://boxd.it/9F9g
2025-10-25,Aarakshan,2011,https://boxd.it/2p8M
2025-10-25,Chef,2017,https://boxd.it/gVhY
2025-10-25,Gori Tere Pyaar Mein,2013,https://boxd.it/6ZnQ
2025-10-25,Break Ke Baad,2010,https://boxd.it/Eqs
2025-10-25,Mere Brother Ki Dulhan,2011,https://boxd.it/2AVg
2025-10-25,Luck,2009,https://boxd.it/1DLQ
2025-10-25,Kidnap,2008,https://boxd.it/1EIe
2025-10-25,Raajneeti,2010,https://boxd.it/177u
2025-10-25,Merry Christmas,2024,https://boxd.it/xCn8
2025-10-25,Tees Maar Khan,2010,https://boxd.it/O5Y
2025-10-25,Bang Bang!,2014,https://boxd.it/8Lsw
2025-10-25,Jab Tak Hai Jaan,2012,https://boxd.it/4iiu
2025-10-25,Ra.One,2011,https://boxd.it/ZbS
2025-10-25,Golmaal 3,2010,https://boxd.it/QDI
2025-10-25,Agent Vinod,2012,https://boxd.it/3006
2025-10-25,Ki & Ka,2016,https://boxd.it/dD34
2025-10-25,Kambakkht Ishq,2009,https://boxd.it/1VoA
2025-10-25,Hulchul,2004,https://boxd.it/1DBw
2025-10-25,Veere Di Wedding,2018,https://boxd.it/hniq
2025-10-25,Crew,2024,https://boxd.it/DA96
2025-10-25,Kabhi Khushi Kabhie Gham,2001,https://boxd.it/1Vtg
2025-10-25,3 Idiots,2009,https://boxd.it/1Dsa
2025-10-25,Aśoka,2001,https://boxd.it/24m4
2025-10-25,Chup Chup Ke,2006,https://boxd.it/1ELW
2025-10-25,Jaane Jaan,2023,https://boxd.it/zRXk
2025-10-25,Talaash,2012,https://boxd.it/33ae
2025-10-25,We Are Family,2010,https://boxd.it/QEG
2025-10-25,Satyagraha,2013,https://boxd.it/6sGK
2025-10-25,Chameli,2003,https://boxd.it/1gai
2025-10-25,Tiger Zinda Hai,2017,https://boxd.it/fInM
2025-10-25,Main Tera Hero,2014,https://boxd.it/7OMs
2025-10-25,Ready,2011,https://boxd.it/2la
2025-10-25,Mujhse Shaadi Karogi,2004,https://boxd.it/1Dos
2025-10-25,Tubelight,2017,https://boxd.it/fIkS
2025-10-25,Saawariya,2007,https://boxd.it/1KqK
2025-10-25,God Tussi Great Ho,2008,https://boxd.it/1usq
2025-10-25,Jaan-E-Mann,2006,https://boxd.it/isG
2025-10-25,Angry Young Men,2024,https://boxd.it/PDvS
2025-10-25,Phata Poster Nikhla Hero,2013,https://boxd.it/6AHw
2025-10-25,Yuvvraaj,2008,https://boxd.it/1DCu
2025-10-25,Dabangg,2010,https://boxd.it/RZ6
2025-10-25,Haider,2014,https://boxd.it/8E5A
2025-10-25,Udta Punjab,2016,https://boxd.it/dXFW
2025-10-25,Shaandaar,2015,https://boxd.it/coCw
2025-10-25,Kismat Konnection,2008,https://boxd.it/1MbM
2025-10-25,Piku,2015,https://boxd.it/aXUc
2025-10-25,Tamasha,2015,https://boxd.it/bgLI
2025-10-25,Happy New Year,2014,https://boxd.it/8sf4
2025-10-25,Yeh Jawaani Hai Deewani,2013,https://boxd.it/5Cmo
2025-10-25,Goliyon Ki Raasleela Ram-Leela,2013,https://boxd.it/6WPW
2025-10-25,Raabta,2017,https://boxd.it/giOu
2025-10-25,Desi Boyz,2011,https://boxd.it/2MOw
2025-10-25,Billu,2009,https://boxd.it/1Kj0
2025-10-25,Gehraiyaan,2022,https://boxd.it/ykwI
2025-10-25,Karthik Calling Karthik,2010,https://boxd.it/1djw
2025-10-25,Chandni Chowk to China,2009,https://boxd.it/1Eeo
2025-10-25,Chennai Express,2013,https://boxd.it/69tM
2025-10-25,Jawan,2023,https://boxd.it/wVDs
2025-10-25,Housefull,2010,https://boxd.it/ldO
2025-10-25,83,2021,https://boxd.it/mbBg
2025-10-25,The Wolf of Wall Street,2013,https://boxd.it/3C1m
2025-10-25,Shutter Island,2010,https://boxd.it/1U82
2025-10-25,Taxi Driver,1976,https://boxd.it/2b8y
2025-10-25,Killers of the Flower Moon,2023,https://boxd.it/gHp0
2025-10-25,The Departed,2006,https://boxd.it/28MA
2025-10-25,The Irishman,2019,https://boxd.it/dYOq
2025-10-25,Casino,1995,https://boxd.it/2ads
2025-10-25,Raging Bull,1980,https://boxd.it/28yI
2025-10-25,The King of Comedy,1982,https://boxd.it/2aJS
2025-10-25,Alice Doesn't Live Here Anymore,1974,https://boxd.it/1KIa
2025-10-25,Michael Jackson: Bad,1987,https://boxd.it/bp7W
2025-10-25,Shine a Light,2008,https://boxd.it/20JS
2025-10-25,A Letter to Elia,2010,https://boxd.it/32e
2025-10-25,Life Is a Carnival: A Musical Celebration of Robbie Robertson,,https://boxd.it/QPBg
2025-10-25,New York Stories,1989,https://boxd.it/1Y3q
2025-10-25,Barry Lyndon,1975,https://boxd.it/25A2
2025-10-25,2001: A Space Odyssey,1968,https://boxd.it/2bf0
2025-10-25,The Pianist,2002,https://boxd.it/2aqc
2025-10-25,Chinatown,1974,https://boxd.it/29vU
2025-10-25,Repulsion,1965,https://boxd.it/1TKu
2025-10-25,The Tenant,1976,https://boxd.it/1TKk
2025-10-25,Carnage,2011,https://boxd.it/2peU
2025-10-25,Knife in the Water,1962,https://boxd.it/1THK
2025-10-25,Frantic,1988,https://boxd.it/1VFm
2025-10-25,Tess,1979,https://boxd.it/1UAq
2025-10-25,Mean Girls,2004,https://boxd.it/1VNg
2025-10-25,Friends with Benefits,2011,https://boxd.it/DoK
2025-10-25,How to Lose a Guy in 10 Days,2003,https://boxd.it/1XwG
2025-10-25,27 Dresses,2008,https://boxd.it/21x4
2025-10-25,Made of Honor,2008,https://boxd.it/1VsC
2025-10-25,Oye Lucky! Lucky Oye!,2008,https://boxd.it/1L62
2025-10-25,Raanjhanaa,2013,https://boxd.it/5M1U
2025-10-25,Dev.D,2009,https://boxd.it/1L5I
2025-10-25,Honeymoon Travels Pvt. Ltd.,2007,https://boxd.it/NiM
2025-10-25,Shanghai,2012,https://boxd.it/3rKg
2025-10-25,Socha Na Tha,2005,https://boxd.it/1BIg
2025-10-25,Happy Bhag Jayegi,2016,https://boxd.it/ehIc
2025-10-25,Guzaarish,2010,https://boxd.it/ZbI
2025-10-25,Fitoor,2016,https://boxd.it/d3Ri
2025-10-25,London Dreams,2009,https://boxd.it/1vFA
2025-10-25,The Night Of,2016,https://boxd.it/eC1I
2025-10-25,The Long Goodbye,2020,https://boxd.it/ppuO
2025-10-25,The Reluctant Fundamentalist,2012,https://boxd.it/41nM
2025-10-25,Sound of Metal,2019,https://boxd.it/i7Q4
2025-10-25,The Phoenician Scheme,2025,https://boxd.it/H0Ca
2025-10-25,City of Tiny Lights,2016,https://boxd.it/enKo
2025-10-25,Britz,2007,https://boxd.it/MP2i
2025-10-25,Freefall,2009,https://boxd.it/6efK
2025-10-25,Fight Club,1999,https://boxd.it/2a9q
2025-10-25,Mr. & Mrs. Smith,2005,https://boxd.it/29CG
2025-10-25,The Big Short,2015,https://boxd.it/ajZw
2025-10-25,Moneyball,2011,https://boxd.it/glS
2025-10-25,Meet Joe Black,1998,https://boxd.it/2aEI
2025-10-25,Broken: The Incredible Story of Brangelina,2018,https://boxd.it/BlLq
2025-10-25,Just Go with It,2011,https://boxd.it/Doq
2025-10-25,Along Came Polly,2004,https://boxd.it/22fU
2025-10-25,When Harry Met Sally...,1989,https://boxd.it/29W2
2025-10-25,13 Going on 30,2004,https://boxd.it/1X6e
2025-10-25,Behind Her Eyes,2021,https://boxd.it/qin4
2025-10-25,Dostana,2008,https://boxd.it/1OOQ
2025-10-25,Love & Other Drugs,2010,https://boxd.it/UIi
2025-10-25,BLUE EYE SAMURAI,2023,https://boxd.it/JH9k
2025-10-25,Dil Se..,1998,https://boxd.it/1CgC
2025-10-25,I Feel Pretty,2018,https://boxd.it/gt1o
2025-10-25,Darlings,2022,https://boxd.it/uaH4
2025-10-25,Kabhi Haan Kabhi Naa,1994,https://boxd.it/1Mhg
2025-10-25,Veer-Zaara,2004,https://boxd.it/24C2
2025-10-25,Rab Ne Bana Di Jodi,2008,https://boxd.it/1OOG
2025-10-25,Chak De! India,2007,https://boxd.it/1ODI
2025-10-25,Dhoom,2004,https://boxd.it/1ICE
2025-10-25,Detective Byomkesh Bakshy!,2015,https://boxd.it/anzM
2025-10-25,The Souvenir,2019,https://boxd.it/gXU4
2025-10-28,Holy Motors,2012,https://boxd.it/3wai
2025-10-28,Bombay Boys,1998,https://boxd.it/4idE
2025-10-29,Exhibition,2013,https://boxd.it/6dXQ
2025-10-30,Mamma Mia!,2008,https://boxd.it/1Tnq
2025-10-30,Closer,2004,https://boxd.it/270K
2025-10-30,Raw,2016,https://boxd.it/dLd2
2025-10-30,The Bitter Tears of Petra von Kant,1972,https://boxd.it/1WzE
2025-10-30,The Piano Teacher,2001,https://boxd.it/2886
2025-10-30,Clueless,1995,https://boxd.it/1Ygk
2025-10-31,Unrelated,2007,https://boxd.it/1mcO
2025-11-01,Uptown Girls,2003,https://boxd.it/1N64
2025-11-01,Gone Girl,2014,https://boxd.it/6hQu
2025-11-02,Bugonia,2025,https://boxd.it/qeWY
2025-11-02,Life or Something Like It,2002,https://boxd.it/1JR6
2025-11-02,Catch Me If You Can,2002,https://boxd.it/29VS
2025-11-05,Together,2025,https://boxd.it/LdFE
2025-11-07,The Paranoids,2008,https://boxd.it/QBW
2025-11-07,Letters to Juliet,2010,https://boxd.it/19aK
2025-11-12,Frankenstein,2025,https://boxd.it/Ecsg
2025-11-18,Chocolat,1988,https://boxd.it/Y7g
2025-11-19,Messy,2024,https://boxd.it/GZsy
2025-11-23,Looking for Mr. Goodbar,1977,https://boxd.it/17BO
2025-11-24,The Roses,2025,https://boxd.it/MjnI
2025-11-24,Strange Days,1995,https://boxd.it/2aGO
2025-11-24,To Leslie,2022,https://boxd.it/v1vU
2025-11-25,The Greatest Showman,2017,https://boxd.it/acjI
2025-11-27,One Flew Over the Cuckoo's Nest,1975,https://boxd.it/2aeA
2025-11-27,Broadcast News,1987,https://boxd.it/1RxS
2025-11-27,I'm Still Here,2010,https://boxd.it/TcK
2025-11-27,The Movie Orgy,1968,https://boxd.it/48qy
2025-11-27,The Evening Star,1996,https://boxd.it/1lEC
2025-11-27,Jack Nicholson - The Devilish Smile of Hollywood,2017,https://boxd.it/i15Q
2025-11-27,Eraserhead,1977,https://boxd.it/299u
2025-11-27,The Elephant Man,1980,https://boxd.it/27LQ
2025-11-27,Inland Empire,2006,https://boxd.it/28d6
2025-11-27,To Each His Own Cinema,2007,https://boxd.it/1bju
2025-11-27,DumbLand,2001,https://boxd.it/63aa
2025-11-27,Lady Blue Shanghai,2010,https://boxd.it/DQz0
2025-11-27,Mulholland Dr.,1999,https://boxd.it/5Dxs
2025-11-27,Darkened Room,2002,https://boxd.it/3xV0
2025-11-27,Coyote #1,2002,https://boxd.it/tifA
2025-11-27,Waiting for Mr. Lynch,2018,https://boxd.it/SwAM
2025-11-27,Kitchen Window,2002,https://boxd.it/SL9w
2025-11-28,Dilwale Dulhania Le Jayenge,1995,https://boxd.it/1F9k
2025-11-28,Dhoom 2,2006,https://boxd.it/1OAa
2025-11-28,War,2019,https://boxd.it/lwH8
2025-11-28,Dhoom 3,2013,https://boxd.it/QDS
2025-11-28,Krrish,2006,https://boxd.it/1gCw
2025-11-28,Fan,2016,https://boxd.it/d8xC
2025-11-28,Fanaa,2006,https://boxd.it/207O
2025-11-28,Ek Tha Tiger,2012,https://boxd.it/32Xk
2025-11-28,Black,2005,https://boxd.it/1hZQ
2025-11-28,Dil To Pagal Hai,1997,https://boxd.it/1OYG
2025-11-28,Hum Tum,2004,https://boxd.it/24BI
2025-11-28,Rocket Singh: Salesman of the Year,2009,https://boxd.it/1t7m
2025-11-28,Hichki,2018,https://boxd.it/hNki
2025-11-28,The Longest Week,2014,https://boxd.it/6cjA
2025-11-28,Mujhse Dosti Karoge!,2002,https://boxd.it/1uci
2025-11-28,Dum Laga Ke Haisha,2015,https://boxd.it/aA8O
2025-11-28,Bachna Ae Haseeno,2008,https://boxd.it/1Lmk
2025-11-28,Meri Pyaari Bindu,2017,https://boxd.it/gg8c
2025-11-28,Ladies VS. Ricky Bahl,2011,https://boxd.it/2TSA
2025-11-28,Bunty Aur Babli,2005,https://boxd.it/1T8U
2025-11-28,Ta Ra Rum Pum,2007,https://boxd.it/1ODo
2025-11-28,New York,2009,https://boxd.it/1EOQ
2025-11-28,Sui Dhaaga - Made in India,2018,https://boxd.it/hU5u
2025-11-28,Dil Bole Hadippa!,2009,https://boxd.it/1AjE
2025-11-28,Befikre,2016,https://boxd.it/e0w4
2025-11-28,Thugs of Hindostan,2018,https://boxd.it/gVHM
2025-11-28,Mardaani,2014,https://boxd.it/8W7E
2025-11-28,Saathiya,2002,https://boxd.it/1D6I
2025-11-28,Shamshera,2022,https://boxd.it/jFYe
2025-11-28,Jayeshbhai Jordaar,2022,https://boxd.it/plji
2025-11-28,Mardaani 2,2019,https://boxd.it/lL6Q
2025-11-28,Daawat-e-Ishq,2014,https://boxd.it/97CS
2025-11-28,Shuddh Desi Romance,2013,https://boxd.it/6g1U
2025-11-28,Ishaqzaade,2012,https://boxd.it/3wHm
2025-11-28,Thoda Pyaar Thoda Magic,2008,https://boxd.it/1Ox6
2025-11-28,Jhoom Barabar Jhoom,2007,https://boxd.it/1ODS
2025-11-28,Lafangey Parindey,2010,https://boxd.it/Rwy
2025-11-28,Neal 'N' Nikki,2005,https://boxd.it/Neq
2025-11-28,Bewakoofiyaan,2014,https://boxd.it/7t0M
2025-11-28,Pyaar Impossible!,2010,https://boxd.it/1ngi
2025-11-28,Badmaash Company,2010,https://boxd.it/17qG
2025-11-28,Aaja Nachle,2007,https://boxd.it/1OEm
2025-11-28,Salaam Namaste,2005,https://boxd.it/1MQA
2025-11-29,Normal People,2020,https://boxd.it/q2VY
2025-11-29,Rush,2013,https://boxd.it/3lyS
2025-11-30,Watcher,2022,https://boxd.it/uocO
2025-11-30,Mystic River,2003,https://boxd.it/2aAG
2025-11-30,Homebound,2025,https://boxd.it/KDDs
2025-12-01,The Life of Chuck,2024,https://boxd.it/vMTu
2025-12-02,Legally Blonde,2001,https://boxd.it/1ZNa
2025-12-02,Dirty Dancing,1987,https://boxd.it/2baY
2025-12-03,Barsaat Ki Raat,1960,https://boxd.it/espq
2025-12-03,Dune,2021,https://boxd.it/fA7G
2025-12-03,Dune: Part Two,2024,https://boxd.it/pUfA
2025-12-03,Arrival,2016,https://boxd.it/aNGk
2025-12-03,Enemy,2013,https://boxd.it/5xtO
2025-12-04,Four Weddings and a Funeral,1994,https://boxd.it/29KA
2025-12-04,The Holiday,2006,https://boxd.it/28ye
2025-12-07,Sentimental Value,2025,https://boxd.it/GwcG
2025-12-07,Ek Chalis Ki Last Local,2007,https://boxd.it/1O28
2025-12-08,Man of Steel,2013,https://boxd.it/FRk
2025-12-08,Dhurandhar,2025,https://boxd.it/NhCI
2025-12-09,Dining with the Kapoors,2025,https://boxd.it/Z5qE
2025-12-09,My Best Friend's Wedding,1997,https://boxd.it/1ZHm
2025-12-09,We Live in Time,2024,https://boxd.it/FC5u
2025-12-10,First Timer,2024,https://boxd.it/THDu
2025-12-10,Caught Stealing,2025,https://boxd.it/LnyS
2025-12-10,Sliding Doors,1998,https://boxd.it/1WNG
2025-12-11,Home Alone,1990,https://boxd.it/29Fg
2025-12-12,The Laughing Woman,1969,https://boxd.it/3rYW
2025-12-13,"Good Bye, Lenin!",2003,https://boxd.it/2ayA
2025-12-13,Return to Me,2000,https://boxd.it/26y2
2025-12-18,The Little Thief,1988,https://boxd.it/1ZS0
2025-12-19,Ardh Satya,1983,https://boxd.it/3vQi
2025-12-20,Only You,2018,https://boxd.it/iAMg
2025-12-21,Wake Up Dead Man,2025,https://boxd.it/uAKS
2025-12-22,The Great Shamsuddin Family,2025,https://boxd.it/ZkmC
2025-12-22,Silent Night,2012,https://boxd.it/4tnq
2025-12-23,The Housemaid,2025,https://boxd.it/QFEO
2025-12-23,Woman in the Dunes,1964,https://boxd.it/1JNS
2025-12-24,Bad Boy Bubby,1993,https://boxd.it/1OHq
2025-12-24,Indecent Proposal,1993,https://boxd.it/24h4
2025-12-27,Bridget Jones's Diary,2001,https://boxd.it/29WQ
2025-12-31,The Driver,1978,https://boxd.it/27jW
2026-01-01,An Evening in Paris,1967,https://boxd.it/36hC
2026-01-01,Fall for Me,2025,https://boxd.it/NAtg
2026-01-02,Eddington,2025,https://boxd.it/o6MC
2026-01-02,Where the Crawdads Sing,2022,https://boxd.it/psLS
2026-01-03,Youth,2015,https://boxd.it/9Y7S
2026-01-03,Champagne Problems,2025,https://boxd.it/OwgO
2026-01-04,200 Cigarettes,1999,https://boxd.it/1MyQ
2026-01-05,Blow Out,1981,https://boxd.it/1TlE
2026-01-06,Carrie,1976,https://boxd.it/20ZQ
2026-01-07,Mission: Impossible,1996,https://boxd.it/29d2
2026-01-07,The Untouchables,1987,https://boxd.it/2b6i
2026-01-07,Phantom of the Paradise,1974,https://boxd.it/1s34
2026-01-07,Dressed to Kill,1980,https://boxd.it/1UO8
2026-01-07,Carlito's Way,1993,https://boxd.it/226e
2026-01-07,Domino,2019,https://boxd.it/ghha
2026-01-07,Redacted,2007,https://boxd.it/1Tsg
2026-01-07,The Wedding Party,1969,https://boxd.it/2zB0
2026-01-08,Le Samouraï,1967,https://boxd.it/22ZI
2026-01-09,What Women Want,2000,https://boxd.it/24Sa
2026-01-09,i hate myself :),2013,https://boxd.it/6T9y
2026-01-10,People We Meet on Vacation,2026,https://boxd.it/D8ME
2026-01-10,Chup,2022,https://boxd.it/xl3U
2026-01-10,20th Century Women,2016,https://boxd.it/bqU6
2026-01-11,It Was Just an Accident,2025,https://boxd.it/TX2k
2026-01-14,Dream Scenario,2023,https://boxd.it/v2h0
2026-01-15,Another Round,2020,https://boxd.it/lkba
2026-01-16,The Sweetest Thing,2002,https://boxd.it/1T28
2026-01-17,Belén,2025,https://boxd.it/NF6c
2026-01-20,Gloria,1980,https://boxd.it/gYg
2026-01-20,Klute,1971,https://boxd.it/2ako
2026-01-20,Ms .45,1981,https://boxd.it/1AWG
2026-01-20,The Last Seduction,1994,https://boxd.it/1w4g
2026-01-20,Jackie Brown,1997,https://boxd.it/2aVO
2026-01-20,Promising Young Woman,2020,https://boxd.it/loRE
2026-01-20,Eileen,2023,https://boxd.it/oJcS
2026-01-20,Love Lies Bleeding,2024,https://boxd.it/zN4q
2026-01-22,The Secret Agent,2025,https://boxd.it/KkUE
2026-01-24,Sonatine,1993,https://boxd.it/20TI
2026-01-25,The Conjuring: Last Rites,2025,https://boxd.it/Dh8e
2026-01-29,Good Time,2017,https://boxd.it/fcFu
2026-01-29,Marty Supreme,2025,https://boxd.it/Off0
2026-01-29,Daddy Longlegs,2009,https://boxd.it/kNQ
2026-01-29,Trophy Hunter,2012,https://boxd.it/gnFs
2026-01-29,The Ralph Handel Story,2006,https://boxd.it/h9PU
2026-01-29,John's Lonely Trip to Coney Island,2008,https://boxd.it/h9Qe
2026-01-29,Heartland,2012,https://boxd.it/u0Ho
2026-01-29,Uncut Gems,2019,https://boxd.it/gXGc
2026-01-29,Heaven Knows What,2014,https://boxd.it/8P1a
2026-01-29,Buttons,2011,https://boxd.it/dhXY
2026-01-30,Death Proof,2007,https://boxd.it/27GG
2026-01-30,Pictures of Ghosts,2023,https://boxd.it/G55S
2026-01-31,Interstellar,2014,https://boxd.it/4VZ8
2026-02-02,The Killing of a Chinese Bookie,1976,https://boxd.it/1hS6
2026-02-02,Frankie and Johnny,1991,https://boxd.it/250S
2026-02-04,Jamon Jamon,1992,https://boxd.it/24dQ
2026-02-05,The Mirror Has Two Faces,1996,https://boxd.it/1we6
2026-02-05,Rapture,1979,https://boxd.it/24f8
2026-02-05,Thesis,1996,https://boxd.it/1Z1U
2026-02-07,Talk to Her,2002,https://boxd.it/2beG
2026-02-08,Hamnet,2025,https://boxd.it/woVy
2026-02-08,Love,2015,https://boxd.it/9brE
2026-02-09,Before Sunset,2004,https://boxd.it/2bcg
2026-02-15,Dogfight,1991,https://boxd.it/1NCk
2026-02-15,CTRL,2024,https://boxd.it/Hmzi
2026-02-15,Udaan,2010,https://boxd.it/PPe
2026-02-15,Lootera,2013,https://boxd.it/69o8
2026-02-15,Black Warrant,2025,https://boxd.it/SvrE
2026-02-15,Jubilee,2023,https://boxd.it/G4ry
2026-02-15,Bhavesh Joshi Superhero,2018,https://boxd.it/jaCc
2026-02-15,Trapped,2017,https://boxd.it/fj8i
2026-02-15,Masaan,2015,https://boxd.it/b6x2
2026-02-15,Queen,2013,https://boxd.it/7gjQ
2026-02-15,Raman Raghav 2.0,2016,https://boxd.it/dL2S
2026-02-15,Skin Deep,,https://boxd.it/HFKE
2026-02-15,Gangs of Wasseypur – Part 1,2012,https://boxd.it/3UHK
2026-02-15,Gangs of Wasseypur – Part 2,2012,https://boxd.it/497i
2026-02-15,No Smoking,2007,https://boxd.it/1b5W
2026-02-15,Black Friday,2004,https://boxd.it/1oUy
2026-02-15,Manmarziyaan,2018,https://boxd.it/iZXy
2026-02-15,Kennedy,2023,https://boxd.it/G56G
2026-02-15,Gulaal,2009,https://boxd.it/1BAw
2026-02-15,Almost Pyaar with DJ Mohabbat,2022,https://boxd.it/DJ5i
2026-02-15,The Lunchbox,2013,https://boxd.it/5MOs
2026-02-15,NH10,2015,https://boxd.it/aOPW
2026-02-15,Shaitan,2011,https://boxd.it/2v76
2026-02-15,Luv Shuv Tey Chicken Khurana,2012,https://boxd.it/4rKC
2026-02-15,Michael,2011,https://boxd.it/6FUq
2026-02-15,Little Thomas,,https://boxd.it/SqQ0
2026-02-15,Satya,1998,https://boxd.it/1BNq
2026-02-15,Yuva,2004,https://boxd.it/Uy8
2026-02-15,Kurbaan,2009,https://boxd.it/1xlW
2026-02-15,Dhan Dhana Dhan Goal,2007,https://boxd.it/ZcG
2026-02-15,Kal Ho Naa Ho,2003,https://boxd.it/24By
2026-02-15,Dil Bechara,2020,https://boxd.it/nYrQ
2026-02-15,Race,2008,https://boxd.it/1EJQ
2026-02-15,Hum Saath Saath Hain,1999,https://boxd.it/aem
2026-02-15,Race 2,2013,https://boxd.it/Rbq
2026-02-15,The Romantics,2023,https://boxd.it/F5Xy
2026-02-15,Parineeta,2005,https://boxd.it/1D7c
2026-02-15,Phantom,2015,https://boxd.it/bVQk
2026-02-15,Kaalakaandi,2018,https://boxd.it/gMqM
2026-02-15,Being Cyrus,2005,https://boxd.it/1oEg
2026-02-15,Jawaani Jaaneman,2020,https://boxd.it/mq7g
2026-02-15,Tashan,2008,https://boxd.it/1OAk
2026-02-15,Biwi No.1,1999,https://boxd.it/51KS
2026-02-15,Roadside Romeo,2008,https://boxd.it/1D6S
2026-02-15,Bodyguard,2011,https://boxd.it/2vV6
2026-02-15,Good Newwz,2019,https://boxd.it/nTa6
2026-02-15,The Buckingham Murders,2023,https://boxd.it/DQTu
2026-02-15,Golmaal Returns,2008,https://boxd.it/1NSC
2026-02-15,Dabangg 2,2012,https://boxd.it/4FYI
2026-02-15,Singham Returns,2014,https://boxd.it/8Rdi
2026-02-15,Gabbar Is Back,2015,https://boxd.it/bd3o
2026-02-15,Brothers,2015,https://boxd.it/aNQu
2026-02-15,Heroine,2012,https://boxd.it/4l6G
2026-02-15,Fida,2004,https://boxd.it/59xC
2026-02-15,Maqbool,2003,https://boxd.it/1CbM
2026-02-15,Kaminey,2009,https://boxd.it/1D3u
2026-02-15,7 Khoon Maaf,2011,https://boxd.it/plC
2026-02-15,Khufiya,2023,https://boxd.it/xaxY
2026-02-15,Makdee,2002,https://boxd.it/4mdy
2026-02-15,Matru Ki Bijlee Ka Mandola,2013,https://boxd.it/4trs
2026-02-15,Rangoon,2017,https://boxd.it/dIcK
2026-02-15,Charlie Chopra And The Mystery Of Solang Valley,2023,https://boxd.it/IUSg
2026-02-15,Modern Love Mumbai,2022,https://boxd.it/Bgie
2026-02-15,Fursat,2023,https://boxd.it/EVeo
2026-02-15,The Royals,2025,https://boxd.it/W2NY
2026-02-15,Phone Bhoot,2022,https://boxd.it/rdXy
2026-02-15,The Perfect Couple,2024,https://boxd.it/Q5a4
2026-02-15,A Suitable Boy,2020,https://boxd.it/rlRI
2026-02-15,Khaali Peeli,2020,https://boxd.it/pVMg
2026-02-15,The Nexus: Shadows of Destiny,,https://boxd.it/QYae
2026-02-15,Badhaai Do,2022,https://boxd.it/sl1E
2026-02-15,Guns & Gulaabs,2023,https://boxd.it/I9uG
2026-02-15,Hunterrr,2015,https://boxd.it/aCxG
2026-02-15,Andhadhun,2018,https://boxd.it/jtfc
2026-02-15,"Monica, O My Darling",2022,https://boxd.it/yuuM
2026-02-15,Pad Man,2018,https://boxd.it/fX5e
2026-02-15,Phobia,2016,https://boxd.it/dZ6Y
2026-02-15,Gangubai Kathiawadi,2022,https://boxd.it/oJek
2026-02-15,Stree,2018,https://boxd.it/jrdI
2026-02-15,Welcome,2007,https://boxd.it/1DLc
2026-02-15,Dhamaal,2007,https://boxd.it/1Dx0
2026-02-15,Delhi-6,2009,https://boxd.it/1EbO
2026-02-15,Dream Girl,2019,https://boxd.it/lili
2026-02-15,Gulabo Sitabo,2020,https://boxd.it/mArq
2026-02-15,Dedh Ishqiya,2014,https://boxd.it/7hXM
2026-02-15,102 Not Out,2018,https://boxd.it/gt8k
2026-02-15,Pataakha,2018,https://boxd.it/jMqy
2026-02-15,Toofaan,2021,https://boxd.it/pl3a
2026-02-15,Maharaj,2024,https://boxd.it/IoDe
2026-02-15,Devdas,2002,https://boxd.it/1Leq
2026-02-15,Padmaavat,2018,https://boxd.it/fkVq
2026-02-15,Bajirao Mastani,2015,https://boxd.it/ck2O
2026-02-15,Hum Dil De Chuke Sanam,1999,https://boxd.it/238g
2026-02-15,Heeramandi,2024,https://boxd.it/MXrK
2026-02-15,Khamoshi: The Musical,1996,https://boxd.it/3mKg
2026-02-15,Kill Dil,2014,https://boxd.it/9oIo
2026-02-15,Agneepath,2012,https://boxd.it/2Zqi
2026-02-15,Mary Kom,2014,https://boxd.it/8Nbi
2026-02-15,Gunday,2014,https://boxd.it/7l8I
2026-02-15,Fashion,2008,https://boxd.it/1ENI
2026-02-15,Bluffmaster!,2005,https://boxd.it/1EOm
2026-02-15,Teri Meri Kahaani,2012,https://boxd.it/40bg
2026-02-15,Kabhi Alvida Naa Kehna,2006,https://boxd.it/1Oci
2026-02-15,Housefull 2,2012,https://boxd.it/2ZZM
2026-02-15,Taxi No. 9211,2006,https://boxd.it/1CGA
2026-02-15,Salaam-e-Ishq,2007,https://boxd.it/1uXo
2026-02-15,Ludo,2020,https://boxd.it/ou2o
2026-02-15,Guru,2007,https://boxd.it/1Lyq
2026-02-15,Lage Raho Munna Bhai,2006,https://boxd.it/1BRs
2026-02-15,Housefull 3,2016,https://boxd.it/dH0o
2026-02-15,I Want to Talk,2024,https://boxd.it/M8ss
2026-02-15,Paa,2009,https://boxd.it/1tYA
2026-02-15,Players,2012,https://boxd.it/2VDi
2026-02-15,Dasvi,2022,https://boxd.it/u6v4
2026-02-15,Main Prem Ki Diwani Hoon,2003,https://boxd.it/58x2
2026-02-15,Ghoomer,2023,https://boxd.it/HPBs
2026-02-15,Kuch Naa Kaho,2003,https://boxd.it/HhS
2026-02-15,Nautanki Saala!,2013,https://boxd.it/5BPk
2026-02-15,All Is Well,2015,https://boxd.it/bZs2
2026-02-15,Mere Yaar Ki Shaadi Hai,2002,https://boxd.it/4tII
2026-02-17,Wuthering Heights,2026,https://boxd.it/OdIa
2026-02-20,Dinner in America,2020,https://boxd.it/oinu
2026-02-20,Amadeus,1984,https://boxd.it/2aH8
2026-02-20,No Other Choice,2025,https://boxd.it/nKiA
2026-02-20,Train Dreams,2025,https://boxd.it/LdDo
2026-02-20,Fish Tank,2009,https://boxd.it/1xBg
2026-02-20,Marie Antoinette,2006,https://boxd.it/27Wa
2026-02-20,Dogtooth,2009,https://boxd.it/158K
2026-02-20,Picnic at Hanging Rock,1975,https://boxd.it/1UQe
2026-02-20,La Notte,1961,https://boxd.it/10iU
2026-02-20,Morvern Callar,2002,https://boxd.it/1GDU
2026-02-20,But I'm a Cheerleader,1999,https://boxd.it/1CW4
2026-02-20,A Bigger Splash,2015,https://boxd.it/azgs
2026-02-20,Swimming Pool,2003,https://boxd.it/2aDU
2026-02-21,Climax,2018,https://boxd.it/ikvo
2026-02-25,I Saw the Devil,2010,https://boxd.it/FaK
2026-02-26,Reprise,2006,https://boxd.it/1Sji
2026-02-26,56 Days,2026,https://boxd.it/117jk
2026-02-27,Coherence,2013,https://boxd.it/6xza
2026-02-28,The Fisher King,1991,https://boxd.it/2aWM
2026-02-28,Perfect Blue,1997,https://boxd.it/1W7A
2026-02-28,Swimmer,2012,https://boxd.it/53Z6
2026-02-28,The Assistant,2019,https://boxd.it/neWo
2026-03-01,Angel Heart,1987,https://boxd.it/29WG
